epoch,step,test_acc,test_loss
0,0,0.10000000149011612,3.3219594955444336
