epoch,step,test_acc,test_loss
0,0,0.1270270198583603,3.2330896854400635
