epoch,step,test_acc,test_loss
0,0,0.0972972959280014,3.296983242034912
