epoch,step,test_acc,test_loss
0,0,0.0972972959280014,3.2549540996551514
