epoch,step,test_acc,test_loss
0,0,0.1297297328710556,3.1885926723480225
