epoch,step,train_loss
0,9,1.7882393598556519
0,19,1.6438038349151611
