epoch,step,test_acc,test_loss
0,0,0.5243242979049683,1.7716563940048218
