epoch,step,test_acc,test_loss
0,0,0.2432432472705841,2.6652450561523438
