{"_wandb":{"runtime":272},"experiment_2_noise_probability":0.05,"_runtime":272.4134854,"clustering_nmi":0,"experiment_2_clustering_nmi":0,"experiment_2_clustering_inertia":5.8922416e+07,"val_denoising_l1":0.39887192845344543,"test_denoising_mse":0.0016988837742246687,"clustering_ari":0,"salt_pepper_noise_demo":{"width":1600,"height":800,"_type":"image-file","sha256":"ae337bf39c4c92a297b89ec16adc5cd33f695da435af15f78d58868bdf1a0cad","size":1335960,"path":"media/images/salt_pepper_noise_demo_0_ae337bf39c4c92a297b8.png","format":"png"},"_step":4064,"experiment_2_denoising_ssim":0.9467919965585073,"experiment_2_clustering_ari":0,"cluster_coherence_analysis":{"format":"png","width":2000,"height":1000,"_type":"image-file","sha256":"62d727fdfa1f71a26137812737ac6cad99672f565994240c04ac481880d9438c","size":23259,"path":"media/images/cluster_coherence_analysis_4063_62d727fdfa1f71a26137.png"},"val_denoising_mse":0.3860859274864197,"experiment_2_num_samples":2548,"test_denoising_psnr":27.72672971089681,"_timestamp":1.7507502226194088e+09,"train_denoising_loss":1.3331196308135986,"train_denoising_psnr":12.599388122558594,"train_denoising_l1":0.8891294598579407,"val_denoising_psnr":17.681474685668945,"val_denoising_ssim":0.40597185492515564,"train_denoising_mse":1.2442066669464111,"experiment_2_denoising_mse":0.0016988837742246687,"denoising_examples":{"_type":"image-file","sha256":"389aefe7cb154029add03b3be099c9ed2365144c11a49d97c9fb294b2dc5c466","size":2020665,"path":"media/images/denoising_examples_3306_389aefe7cb154029add0.png","format":"png","width":1600,"height":1200},"experiment_2_latent_dim":200704,"clustering_inertia":5.8922416e+07,"tsne_visualization":{"path":"media/images/tsne_visualization_4060_38a5fece8a1b393bacf3.png","format":"png","width":2000,"height":1600,"_type":"image-file","sha256":"38a5fece8a1b393bacf37c035759960c66c6f6d00e72542ca1463c920232a806","size":399806},"train_denoising_ssim":0.22753369808197021,"test_denoising_ssim":0.9467919965585073,"val_denoising_loss":0.425973117351532,"cluster_tsne_visualization":{"_type":"image-file","sha256":"1d9af92397b532e67f0141d3198426866331bf3ede03974c6736dfb1587ca81a","size":696785,"path":"media/images/cluster_tsne_visualization_4062_1d9af92397b532e67f01.png","format":"png","width":2000,"height":1600},"experiment_2_denoising_psnr":27.72672971089681}