epoch,step,test_acc,test_loss
0,0,0.08918918669223785,3.1993796825408936
