{"train_denoising_loss":1.3338472843170166,"_runtime":9.4921719,"_timestamp":1.750657927927162e+09,"train_denoising_mse":1.2448451519012451,"experiment_2_denoising_psnr":27.253678798675537,"test_denoising_ssim":0.9433538516362509,"tsne_visualization":{"sha256":"1734288a46ab6eec3e108afa74e5843268e6fde1a4c15e16db22522239f894e8","size":832219,"path":"media/images/tsne_visualization_4060_1734288a46ab6eec3e10.png","format":"png","width":2000,"height":1600,"_type":"image-file"},"_wandb":{"runtime":9},"cluster_coherence_analysis":{"_type":"image-file","sha256":"62d727fdfa1f71a26137812737ac6cad99672f565994240c04ac481880d9438c","size":23259,"path":"media/images/cluster_coherence_analysis_4063_62d727fdfa1f71a26137.png","format":"png","width":2000,"height":1000},"experiment_2_num_samples":2548,"val_denoising_psnr":17.6762638092041,"experiment_2_clustering_ari":0,"experiment_2_noise_probability":0.05,"val_denoising_mse":0.38654929399490356,"_step":4064,"test_denoising_psnr":27.253678798675537,"experiment_2_denoising_ssim":0.9433538516362509,"clustering_inertia":4.2107764e+07,"salt_pepper_noise_demo":{"path":"media/images/salt_pepper_noise_demo_0_ae337bf39c4c92a297b8.png","format":"png","width":1600,"height":800,"_type":"image-file","sha256":"ae337bf39c4c92a297b89ec16adc5cd33f695da435af15f78d58868bdf1a0cad","size":1335960},"val_denoising_l1":0.40195775032043457,"experiment_2_denoising_mse":0.0018936243335095544,"val_denoising_ssim":0.40717101097106934,"val_denoising_loss":0.42674505710601807,"denoising_examples":{"height":1200,"_type":"image-file","sha256":"f56f602643155fec9f52f1014f9ce806ffe64219f658f94dd5e6cf3642aa754d","size":2018238,"path":"media/images/denoising_examples_3306_f56f602643155fec9f52.png","format":"png","width":1600},"experiment_2_latent_dim":200704,"experiment_2_clustering_inertia":4.2107764e+07,"clustering_ari":0,"train_denoising_ssim":0.2291691154241562,"clustering_nmi":0,"experiment_2_clustering_nmi":0,"train_denoising_psnr":12.597160339355469,"test_denoising_mse":0.0018936243335095544,"cluster_tsne_visualization":{"format":"png","width":2000,"height":1600,"_type":"image-file","sha256":"4db78abeae58a25ae21fb30f0c65744ac9d3cd4c62b4a7144d788b75f9777f74","size":684461,"path":"media/images/cluster_tsne_visualization_4062_4db78abeae58a25ae21f.png"},"train_denoising_l1":0.890021026134491}