epoch,step,test_acc,test_loss
0,0,0.06756756454706192,3.217179536819458
