{"Clasificador B1 70-30_test_loss":3.3053500652313232,"Clasificador B2 90-10_precision":0.026514989694922178,"Clasificador A 90-10_test_accuracy":0.2432432472705841,"Clasificador A 70-30_recall":0.5378378378378378,"Clasificador B1 90-10_f1_score":0.03173432911769626,"Clasificador B2 70-30_original_size_mb":74.00238800048828,"Clasificador B2 70-30_quantization_speedup":0.999093849362614,"Clasificador B2 90-10_original_size_mb":74.00238800048828,"Clasificador B1 90-10_test_loss":3.1993796825408936,"Clasificador A 90-10_f1_score":0.19655517291684765,"Clasificador B2 70-30_quantized_size_mb":71.94172668457031,"best_90_10_accuracy":0.2432432472705841,"Clasificador B2 90-10_test_accuracy":0.06756756454706192,"train_autoencoder_loss":1.3006139993667603,"Clasificador B1 90-10_test_accuracy":0.08918918669223785,"_runtime":4.2820477,"Clasificador B2 90-10_f1_score":0.0337401136285397,"Clasificador B2 90-10_quantization_speedup":1.0074742519165216,"Clasificador B1 70-30_f1_score":0.051551575396147076,"Clasificador B1 90-10_recall":0.0891891891891892,"Clasificador A 70-30_f1_score":0.5177665621762196,"_timestamp":1.7505759338697522e+09,"Clasificador B2 70-30_f1_score":0.056517073895122685,"Clasificador B1 70-30_precision":0.05081422239316977,"Clasificador B2 70-30_test_accuracy":0.10000000149011612,"Clasificador B2 90-10_quantization_compression":1.0286434786998229,"Clasificador B1 70-30_test_accuracy":0.0972972959280014,"Clasificador A 90-10_recall":0.24324324324324326,"Clasificador A 90-10_precision":0.20221409713093286,"Clasificador B1 70-30_recall":0.0972972972972973,"_wandb":{"runtime":4},"Clasificador B2 90-10_quantized_size_mb":71.94172668457031,"Clasificador A 90-10_test_loss":2.6652450561523438,"Clasificador A 70-30_test_accuracy":0.5405405163764954,"val_autoencoder_loss":0.3856446146965027,"Clasificador B2 70-30_precision":0.07205043041249938,"_step":5352,"Clasificador A 70-30_precision":0.5445223411012885,"Clasificador A 70-30_test_loss":1.7068198919296265,"best_overall_model":"A","Clasificador B2 70-30_test_loss":3.3219594955444336,"Clasificador B2 70-30_quantization_compression":1.0286434786998229,"Clasificador B1 90-10_precision":0.023300066349752246,"best_70_30_accuracy":0.5405405163764954,"Clasificador B2 70-30_recall":0.1,"Clasificador B2 90-10_test_loss":3.217179536819458,"experiment_complete":true,"Clasificador B2 90-10_recall":0.06756756756756757}