epoch,step,test_acc,test_loss
0,0,0.5405405163764954,1.7068198919296265
