epoch,step,test_acc,test_loss
0,0,0.19729728996753693,2.9475855827331543
